date,post_id,caption,followers,impressions,video_views,video_completes,likes,comments,shares,clicks,saves
2023-01-01,tt_post_1,Back-to-school looks for your mini.,4934,1631,1229,682,183,19,8,36,98
2023-01-02,tt_post_2,Suburban carpool ready styles.,4995,1286,920,682,127,15,7,39,54
2023-01-02,tt_post_3,Suburban carpool ready styles.,4795,1159,602,375,45,5,4,30,16
2023-01-03,tt_post_4,Suburban carpool ready styles.,5216,1367,854,460,116,16,10,36,61
2023-01-04,tt_post_5,Back-to-school looks for your mini.,4933,1805,931,477,55,3,1,64,26
2023-01-05,tt_post_6,Matching mom & daughter outfits from S'Belles.,4882,1261,892,431,116,16,7,27,25
2023-01-07,tt_post_7,Matching mom & daughter outfits from S'Belles.,4901,1606,1014,574,84,5,7,46,27
2023-01-08,tt_post_8,Suburban carpool ready styles.,5205,1514,838,368,89,4,6,35,36
2023-01-09,tt_post_9,Back-to-school looks for your mini.,4774,1366,1029,508,52,3,5,15,28
2023-01-12,tt_post_10,Holiday sparkle from S'Belles.,5089,1269,1051,669,64,3,1,30,26
2023-01-13,tt_post_11,Back-to-school looks for your mini.,5174,1126,765,338,110,6,9,11,39
2023-01-14,tt_post_12,Karen LeSac's favorite fall dress for girls.,5050,2267,1325,917,105,7,3,77,51
2023-01-15,tt_post_13,Back-to-school looks for your mini.,4852,1665,1402,887,167,16,14,47,52
2023-01-17,tt_post_14,Holiday sparkle from S'Belles.,5343,1919,1504,1169,171,19,10,62,90
2023-01-17,tt_post_15,Matching mom & daughter outfits from S'Belles.,5301,1288,1121,530,57,5,5,49,13
2023-01-17,tt_post_16,Matching mom & daughter outfits from S'Belles.,5314,1407,1104,684,106,7,9,50,59
2023-01-19,tt_post_17,Holiday sparkle from S'Belles.,4835,1665,1462,974,189,22,16,19,43
2023-01-19,tt_post_18,Back-to-school looks for your mini.,4865,1461,990,592,111,12,10,30,25
2023-01-20,tt_post_19,Holiday sparkle from S'Belles.,5094,1338,1147,677,75,7,5,18,41
2023-01-20,tt_post_20,Holiday sparkle from S'Belles.,5119,1763,1345,766,104,14,6,37,30
2023-01-21,tt_post_21,Matching mom & daughter outfits from S'Belles.,4818,1747,1032,448,113,14,3,36,52
2023-01-21,tt_post_22,Back-to-school looks for your mini.,5215,1379,818,608,89,6,8,30,43
2023-01-23,tt_post_23,Back-to-school looks for your mini.,4884,1322,1021,452,71,6,2,26,29
2023-01-23,tt_post_24,Holiday sparkle from S'Belles.,5371,1658,1071,560,109,6,3,33,34
2023-01-24,tt_post_25,Suburban carpool ready styles.,4986,1657,961,687,50,6,3,27,27
2023-01-25,tt_post_26,Matching mom & daughter outfits from S'Belles.,5384,1387,727,430,76,6,3,14,25
2023-01-25,tt_post_27,Holiday sparkle from S'Belles.,4827,1650,1234,519,64,3,5,34,36
2023-01-27,tt_post_28,Back-to-school looks for your mini.,5074,1631,1038,774,119,8,9,41,46
2023-01-27,tt_post_29,Back-to-school looks for your mini.,5320,1167,910,584,123,15,7,37,31
2023-01-29,tt_post_30,Karen LeSac's favorite fall dress for girls.,5411,2310,1699,823,193,21,12,67,45
2023-01-31,tt_post_31,Holiday sparkle from S'Belles.,4893,1639,902,519,46,4,2,32,24
2023-02-04,tt_post_32,Matching mom & daughter outfits from S'Belles.,5222,1524,1284,591,162,13,15,39,76
2023-02-05,tt_post_33,Back-to-school looks for your mini.,4933,2019,1699,1286,222,19,8,30,56
2023-02-06,tt_post_34,Matching mom & daughter outfits from S'Belles.,5362,1159,993,645,108,9,6,11,44
2023-02-07,tt_post_35,Back-to-school looks for your mini.,5319,1595,1235,745,147,13,5,56,72
2023-02-08,tt_post_36,Holiday sparkle from S'Belles.,5299,1651,1473,979,150,22,5,48,61
2023-02-08,tt_post_37,Karen LeSac's favorite fall dress for girls.,5383,1219,913,494,99,7,5,30,43
2023-02-09,tt_post_38,Back-to-school looks for your mini.,4989,1908,1674,962,186,18,14,69,77
2023-02-12,tt_post_39,Karen LeSac's favorite fall dress for girls.,4936,2075,1603,853,151,8,10,77,82
2023-02-12,tt_post_40,Suburban carpool ready styles.,5477,2032,1318,953,168,11,7,57,44
2023-02-13,tt_post_41,Holiday sparkle from S'Belles.,5404,1706,1456,667,151,21,10,29,71
2023-02-14,tt_post_42,Back-to-school looks for your mini.,5143,1796,1081,672,151,15,9,22,44
2023-02-14,tt_post_43,Suburban carpool ready styles.,5240,1254,1112,792,87,12,8,19,44
2023-02-14,tt_post_44,Holiday sparkle from S'Belles.,5357,1744,1217,925,91,5,4,54,18
2023-02-15,tt_post_45,Back-to-school looks for your mini.,5331,1744,882,406,119,6,8,67,27
2023-02-16,tt_post_46,Holiday sparkle from S'Belles.,5366,1458,887,643,112,8,10,28,32
2023-02-16,tt_post_47,Karen LeSac's favorite fall dress for girls.,5313,1540,1092,478,160,10,11,59,92
2023-02-17,tt_post_48,Suburban carpool ready styles.,5125,1620,1104,711,121,15,8,31,61
2023-02-17,tt_post_49,Matching mom & daughter outfits from S'Belles.,5424,1551,781,396,41,2,1,23,12
2023-02-18,tt_post_50,Suburban carpool ready styles.,5481,2144,1588,662,184,25,13,69,48
2023-02-19,tt_post_51,Suburban carpool ready styles.,5477,1938,1330,991,74,8,3,63,41
2023-02-19,tt_post_52,Matching mom & daughter outfits from S'Belles.,5411,1683,1351,951,167,12,16,17,44
2023-02-21,tt_post_53,Holiday sparkle from S'Belles.,5439,1584,838,621,70,8,5,43,40
2023-02-22,tt_post_54,Matching mom & daughter outfits from S'Belles.,5487,1762,1203,914,138,18,9,49,75
2023-02-22,tt_post_55,Matching mom & daughter outfits from S'Belles.,5095,1450,991,402,117,9,5,38,55
2023-02-23,tt_post_56,Holiday sparkle from S'Belles.,5084,1677,1401,597,157,23,13,19,33
2023-02-24,tt_post_57,Karen LeSac's favorite fall dress for girls.,5265,1274,990,575,120,15,8,37,32
2023-02-25,tt_post_58,Holiday sparkle from S'Belles.,5374,1966,1567,1221,205,24,19,50,74
2023-02-26,tt_post_59,Karen LeSac's favorite fall dress for girls.,5159,2303,2033,863,223,15,14,67,59
2023-02-27,tt_post_60,Suburban carpool ready styles.,5163,1693,869,552,117,13,8,43,33
2023-02-28,tt_post_61,Karen LeSac's favorite fall dress for girls.,5434,1360,871,408,63,8,4,49,29
2023-03-01,tt_post_62,Karen LeSac's favorite fall dress for girls.,5520,1135,999,468,146,12,4,19,68
2023-03-02,tt_post_63,Suburban carpool ready styles.,5200,1311,832,429,98,12,7,49,39
2023-03-03,tt_post_64,Matching mom & daughter outfits from S'Belles.,5476,1901,1115,804,95,4,7,24,52
2023-03-04,tt_post_65,Back-to-school looks for your mini.,5157,2083,1378,765,129,17,6,69,58
2023-03-04,tt_post_66,Karen LeSac's favorite fall dress for girls.,5422,1545,861,488,59,5,2,54,16
2023-03-04,tt_post_67,Holiday sparkle from S'Belles.,5487,1284,1152,543,108,10,9,29,50
2023-03-06,tt_post_68,Karen LeSac's favorite fall dress for girls.,5572,1530,918,542,49,6,4,54,24
2023-03-07,tt_post_69,Suburban carpool ready styles.,5237,1345,778,360,54,5,1,22,29
2023-03-08,tt_post_70,Holiday sparkle from S'Belles.,5362,1887,1627,1026,111,8,3,66,38
2023-03-08,tt_post_71,Holiday sparkle from S'Belles.,5519,1543,841,393,52,3,4,58,27
2023-03-09,tt_post_72,Back-to-school looks for your mini.,5338,1879,1608,780,106,6,7,20,35
2023-03-09,tt_post_73,Matching mom & daughter outfits from S'Belles.,5179,1343,821,420,93,13,3,28,22
2023-03-10,tt_post_74,Suburban carpool ready styles.,5403,1333,746,539,79,11,2,30,26
2023-03-11,tt_post_75,Karen LeSac's favorite fall dress for girls.,5073,1703,868,610,107,14,3,29,57
2023-03-11,tt_post_76,Holiday sparkle from S'Belles.,5385,2107,1820,1365,248,19,17,52,50
2023-03-11,tt_post_77,Holiday sparkle from S'Belles.,5241,2066,1283,750,111,14,10,77,62
2023-03-14,tt_post_78,Back-to-school looks for your mini.,5500,1261,1073,477,60,6,2,35,13
2023-03-15,tt_post_79,Back-to-school looks for your mini.,5531,1855,1003,749,121,15,9,46,43
2023-03-17,tt_post_80,Matching mom & daughter outfits from S'Belles.,5371,1702,1465,1144,141,20,10,24,81
2023-03-17,tt_post_81,Holiday sparkle from S'Belles.,5627,1066,868,473,110,7,6,19,38
2023-03-18,tt_post_82,Matching mom & daughter outfits from S'Belles.,5579,1856,1427,693,154,10,9,19,69
2023-03-18,tt_post_83,Back-to-school looks for your mini.,5403,1436,764,539,39,4,3,16,13
2023-03-20,tt_post_84,Holiday sparkle from S'Belles.,5632,1590,1073,786,108,12,9,20,44
2023-03-20,tt_post_85,Karen LeSac's favorite fall dress for girls.,5259,1590,1421,997,114,15,4,47,66
2023-03-20,tt_post_86,Karen LeSac's favorite fall dress for girls.,5186,1408,1097,678,147,13,10,19,87
2023-03-21,tt_post_87,Matching mom & daughter outfits from S'Belles.,5308,1930,1229,870,146,8,8,37,83
2023-03-22,tt_post_88,Holiday sparkle from S'Belles.,5316,1109,646,355,86,11,3,40,48
2023-03-23,tt_post_89,Back-to-school looks for your mini.,5479,1161,605,429,42,3,3,37,10
2023-03-23,tt_post_90,Holiday sparkle from S'Belles.,5692,1575,1096,565,142,11,10,36,54
2023-03-24,tt_post_91,Matching mom & daughter outfits from S'Belles.,5286,1527,934,548,125,12,11,29,58
2023-03-25,tt_post_92,Karen LeSac's favorite fall dress for girls.,5487,1931,1209,541,98,10,6,26,51
2023-03-25,tt_post_93,Suburban carpool ready styles.,5647,1994,1353,800,83,4,8,69,35
2023-03-26,tt_post_94,Holiday sparkle from S'Belles.,5580,1278,931,396,96,14,5,14,52
2023-03-28,tt_post_95,Holiday sparkle from S'Belles.,5212,1574,1319,590,169,11,6,42,79
2023-03-29,tt_post_96,Back-to-school looks for your mini.,5280,1797,1117,743,165,14,5,19,62
2023-03-30,tt_post_97,Suburban carpool ready styles.,5381,1655,1149,589,162,22,5,49,59
2023-03-30,tt_post_98,Matching mom & daughter outfits from S'Belles.,5461,1160,879,679,59,4,4,28,33
2023-03-31,tt_post_99,Matching mom & daughter outfits from S'Belles.,5606,1202,663,439,59,4,2,20,25
2023-04-01,tt_post_100,Back-to-school looks for your mini.,5169,1658,1445,661,104,5,3,17,33
2023-04-02,tt_post_101,Back-to-school looks for your mini.,5576,1932,1591,819,215,18,15,59,100
2023-04-03,tt_post_102,Back-to-school looks for your mini.,5229,1257,738,386,71,10,5,14,17
2023-04-04,tt_post_103,Holiday sparkle from S'Belles.,5677,1411,1134,544,95,8,3,47,19
2023-04-04,tt_post_104,Matching mom & daughter outfits from S'Belles.,5169,1929,1588,735,96,8,4,68,37
2023-04-05,tt_post_105,Suburban carpool ready styles.,5758,1511,1195,837,170,12,10,24,97
2023-04-06,tt_post_106,Suburban carpool ready styles.,5253,1178,959,531,56,5,4,15,32
2023-04-07,tt_post_107,Suburban carpool ready styles.,5690,1629,981,637,116,8,7,20,45
2023-04-07,tt_post_108,Back-to-school looks for your mini.,5318,1937,1038,796,89,5,5,61,45
2023-04-07,tt_post_109,Matching mom & daughter outfits from S'Belles.,5620,1233,842,582,58,6,3,22,24
2023-04-08,tt_post_110,Back-to-school looks for your mini.,5374,1929,1449,961,148,8,14,38,61
2023-04-08,tt_post_111,Matching mom & daughter outfits from S'Belles.,5467,1705,1316,625,104,5,5,20,50
2023-04-09,tt_post_112,Holiday sparkle from S'Belles.,5491,2314,1247,684,95,9,6,54,50
2023-04-09,tt_post_113,Back-to-school looks for your mini.,5456,1822,1489,1146,221,26,16,49,78
2023-04-10,tt_post_114,Karen LeSac's favorite fall dress for girls.,5720,1083,579,239,38,3,2,17,13
2023-04-10,tt_post_115,Suburban carpool ready styles.,5379,1555,1144,776,157,11,5,18,82
2023-04-11,tt_post_116,Holiday sparkle from S'Belles.,5391,1256,922,635,123,6,10,32,30
2023-04-12,tt_post_117,Holiday sparkle from S'Belles.,5297,1932,1577,1141,194,17,17,68,51
2023-04-13,tt_post_118,Holiday sparkle from S'Belles.,5426,1151,772,588,100,6,6,13,37
2023-04-13,tt_post_119,Matching mom & daughter outfits from S'Belles.,5399,1397,741,321,44,4,2,14,13
2023-04-14,tt_post_120,Holiday sparkle from S'Belles.,5272,1645,1264,885,177,13,11,31,73
2023-04-14,tt_post_121,Suburban carpool ready styles.,5340,1494,1260,644,116,15,6,26,24
2023-04-14,tt_post_122,Suburban carpool ready styles.,5608,1509,1281,598,143,8,12,17,64
2023-04-15,tt_post_123,Matching mom & daughter outfits from S'Belles.,5700,1310,1177,507,119,9,5,34,37
2023-04-16,tt_post_124,Matching mom & daughter outfits from S'Belles.,5564,1372,1081,723,108,10,5,34,31
2023-04-18,tt_post_125,Holiday sparkle from S'Belles.,5711,1396,821,424,54,3,3,31,11
2023-04-19,tt_post_126,Matching mom & daughter outfits from S'Belles.,5764,1407,790,496,77,7,4,17,23
2023-04-20,tt_post_127,Holiday sparkle from S'Belles.,5272,1551,865,593,129,16,8,30,68
2023-04-20,tt_post_128,Holiday sparkle from S'Belles.,5701,1575,1267,676,162,11,10,16,49
2023-04-21,tt_post_129,Matching mom & daughter outfits from S'Belles.,5404,1076,940,595,67,4,4,27,18
2023-04-21,tt_post_130,Holiday sparkle from S'Belles.,5610,1699,1252,778,115,11,7,19,44
2023-04-21,tt_post_131,Suburban carpool ready styles.,5800,1454,1097,792,117,13,6,14,39
2023-04-22,tt_post_132,Karen LeSac's favorite fall dress for girls.,5263,2165,1817,1037,204,25,20,24,111
2023-04-23,tt_post_133,Karen LeSac's favorite fall dress for girls.,5306,2284,1768,771,193,10,11,39,54
2023-04-23,tt_post_134,Suburban carpool ready styles.,5284,2172,1472,676,89,7,5,54,35
2023-04-24,tt_post_135,Back-to-school looks for your mini.,5380,1891,1502,943,149,18,11,26,74
2023-04-26,tt_post_136,Back-to-school looks for your mini.,5562,1693,973,583,49,6,2,46,26
2023-04-26,tt_post_137,Matching mom & daughter outfits from S'Belles.,5630,1619,890,678,71,9,5,58,20
2023-04-26,tt_post_138,Karen LeSac's favorite fall dress for girls.,5426,1131,579,319,86,5,5,25,43
2023-04-27,tt_post_139,Holiday sparkle from S'Belles.,5558,1548,1106,877,108,12,8,56,34
2023-04-27,tt_post_140,Matching mom & daughter outfits from S'Belles.,5352,1395,789,512,109,11,8,35,38
2023-04-30,tt_post_141,Matching mom & daughter outfits from S'Belles.,5476,2219,1775,1128,141,10,8,32,31
2023-04-30,tt_post_142,Back-to-school looks for your mini.,5475,1771,1526,1041,116,10,5,40,39
2023-05-01,tt_post_143,Back-to-school looks for your mini.,5735,1300,677,406,87,5,5,33,31
2023-05-01,tt_post_144,Karen LeSac's favorite fall dress for girls.,5664,1557,1365,672,188,20,18,34,101
2023-05-02,tt_post_145,Suburban carpool ready styles.,5778,1233,829,580,42,5,3,44,17
2023-05-02,tt_post_146,Matching mom & daughter outfits from S'Belles.,5587,1647,924,531,132,19,4,54,73
2023-05-03,tt_post_147,Suburban carpool ready styles.,5868,1671,1206,776,116,9,3,58,65
2023-05-04,tt_post_148,Back-to-school looks for your mini.,5779,1464,1013,615,99,14,3,15,28
2023-05-05,tt_post_149,Suburban carpool ready styles.,5621,1653,1219,538,107,12,6,27,22
2023-05-05,tt_post_150,Suburban carpool ready styles.,5782,1753,934,609,110,6,7,61,33
2023-05-09,tt_post_151,Matching mom & daughter outfits from S'Belles.,5717,1201,764,319,40,5,3,16,15
2023-05-10,tt_post_152,Back-to-school looks for your mini.,5365,1881,1657,1261,224,16,16,43,49
2023-05-11,tt_post_153,Suburban carpool ready styles.,5942,1865,1000,609,139,7,6,43,68
2023-05-12,tt_post_154,Holiday sparkle from S'Belles.,5877,1758,1045,830,127,12,4,28,27
2023-05-13,tt_post_155,Holiday sparkle from S'Belles.,5417,2144,1073,730,68,3,6,73,18
2023-05-14,tt_post_156,Suburban carpool ready styles.,5756,2073,1576,770,204,26,14,26,46
2023-05-15,tt_post_157,Matching mom & daughter outfits from S'Belles.,5942,1226,794,349,84,9,4,15,37
2023-05-16,tt_post_158,Suburban carpool ready styles.,5487,1114,848,601,46,6,4,24,10
2023-05-17,tt_post_159,Matching mom & daughter outfits from S'Belles.,5790,1058,795,423,68,7,6,28,33
2023-05-19,tt_post_160,Matching mom & daughter outfits from S'Belles.,5828,1381,812,516,120,13,4,17,60
2023-05-20,tt_post_161,Karen LeSac's favorite fall dress for girls.,5733,1688,1431,1046,103,10,5,66,43
2023-05-21,tt_post_162,Matching mom & daughter outfits from S'Belles.,5677,2081,1606,1247,222,27,15,63,83
2023-05-22,tt_post_163,Back-to-school looks for your mini.,5604,1806,1201,701,108,12,6,29,61
2023-05-23,tt_post_164,Matching mom & daughter outfits from S'Belles.,5821,1671,1046,744,156,22,13,48,90
2023-05-23,tt_post_165,Suburban carpool ready styles.,5954,1056,931,515,96,14,6,13,54
2023-05-23,tt_post_166,Back-to-school looks for your mini.,5926,1460,1272,872,178,18,16,19,65
2023-05-24,tt_post_167,Holiday sparkle from S'Belles.,5625,1582,984,715,101,6,9,34,56
2023-05-25,tt_post_168,Back-to-school looks for your mini.,5840,1232,705,438,59,4,2,42,26
2023-05-25,tt_post_169,Matching mom & daughter outfits from S'Belles.,5818,1785,1464,1019,100,13,3,59,24
2023-05-25,tt_post_170,Suburban carpool ready styles.,6003,1105,878,646,51,2,3,20,19
2023-05-26,tt_post_171,Suburban carpool ready styles.,5874,1233,696,472,77,10,7,35,30
2023-05-26,tt_post_172,Holiday sparkle from S'Belles.,5996,1062,819,462,81,9,2,19,22
2023-05-26,tt_post_173,Matching mom & daughter outfits from S'Belles.,5651,1159,876,696,54,7,3,20,15
2023-05-27,tt_post_174,Matching mom & daughter outfits from S'Belles.,5824,1638,856,593,108,8,4,34,23
2023-05-27,tt_post_175,Back-to-school looks for your mini.,5889,2146,1095,643,111,15,8,22,55
2023-05-28,tt_post_176,Karen LeSac's favorite fall dress for girls.,5541,1502,1105,572,159,10,13,47,95
2023-05-29,tt_post_177,Back-to-school looks for your mini.,5851,1155,719,527,37,5,2,17,9
2023-05-29,tt_post_178,Suburban carpool ready styles.,5674,1555,1324,965,174,9,13,31,45
2023-05-30,tt_post_179,Karen LeSac's favorite fall dress for girls.,5801,1771,921,520,109,13,8,52,24
2023-05-31,tt_post_180,Suburban carpool ready styles.,5808,1652,974,522,138,15,12,41,81
2023-05-31,tt_post_181,Suburban carpool ready styles.,5564,1383,1118,518,164,22,6,16,82
2023-06-02,tt_post_182,Karen LeSac's favorite fall dress for girls.,5937,1133,926,691,114,8,8,22,23
2023-06-03,tt_post_183,Back-to-school looks for your mini.,5779,1376,709,344,84,7,6,34,40
2023-06-04,tt_post_184,Holiday sparkle from S'Belles.,5813,1340,1165,674,147,18,4,18,63
2023-06-05,tt_post_185,Karen LeSac's favorite fall dress for girls.,5582,1793,989,448,86,8,3,28,48
2023-06-05,tt_post_186,Holiday sparkle from S'Belles.,5968,1553,1322,998,193,26,7,52,99
2023-06-06,tt_post_187,Suburban carpool ready styles.,5736,1122,902,471,70,3,5,17,26
2023-06-07,tt_post_188,Back-to-school looks for your mini.,6058,1872,996,484,141,20,5,44,36
2023-06-09,tt_post_189,Suburban carpool ready styles.,6062,1122,730,534,73,8,3,27,36
2023-06-09,tt_post_190,Suburban carpool ready styles.,5539,1640,1222,803,165,23,15,30,56
2023-06-10,tt_post_191,Karen LeSac's favorite fall dress for girls.,5786,1960,1673,1036,231,16,21,57,118
2023-06-11,tt_post_192,Holiday sparkle from S'Belles.,5875,2208,1297,746,68,5,4,48,13
2023-06-11,tt_post_193,Holiday sparkle from S'Belles.,5955,2304,2045,1073,123,6,5,23,72
2023-06-13,tt_post_194,Matching mom & daughter outfits from S'Belles.,5929,1059,811,648,107,15,5,19,59
2023-06-15,tt_post_195,Matching mom & daughter outfits from S'Belles.,5627,1670,1415,707,166,17,14,63,73
2023-06-16,tt_post_196,Holiday sparkle from S'Belles.,6081,1705,1393,820,192,25,12,27,40
2023-06-17,tt_post_197,Matching mom & daughter outfits from S'Belles.,5574,1519,1348,680,77,8,5,42,35
2023-06-18,tt_post_198,Suburban carpool ready styles.,5656,1826,1445,1105,207,26,10,63,84
2023-06-19,tt_post_199,Matching mom & daughter outfits from S'Belles.,5970,1905,1413,603,98,4,4,47,51
2023-06-19,tt_post_200,Suburban carpool ready styles.,6093,1923,1219,943,181,26,7,35,97
2023-06-20,tt_post_201,Holiday sparkle from S'Belles.,5958,1666,1084,602,82,10,5,22,45
2023-06-20,tt_post_202,Karen LeSac's favorite fall dress for girls.,5688,1738,1546,847,125,15,11,39,68
2023-06-22,tt_post_203,Karen LeSac's favorite fall dress for girls.,5742,1563,1003,725,89,12,8,47,24
2023-06-23,tt_post_204,Back-to-school looks for your mini.,5944,1137,627,425,58,6,2,28,32
2023-06-23,tt_post_205,Karen LeSac's favorite fall dress for girls.,5930,1475,1162,871,144,7,10,38,52
2023-06-24,tt_post_206,Matching mom & daughter outfits from S'Belles.,6051,1901,1466,789,198,20,18,47,92
2023-06-25,tt_post_207,Karen LeSac's favorite fall dress for girls.,5937,2185,1207,774,175,9,11,63,48
2023-06-25,tt_post_208,Holiday sparkle from S'Belles.,5979,2271,1513,1036,197,23,7,64,72
2023-06-26,tt_post_209,Back-to-school looks for your mini.,5973,1541,890,387,48,2,4,40,28
2023-06-27,tt_post_210,Back-to-school looks for your mini.,6169,1939,974,753,78,9,7,46,31
2023-06-28,tt_post_211,Back-to-school looks for your mini.,6045,1812,1042,692,111,10,10,61,60
2023-06-29,tt_post_212,Suburban carpool ready styles.,5679,1160,669,436,50,6,2,26,12
2023-06-29,tt_post_213,Suburban carpool ready styles.,5734,1074,743,574,51,3,4,14,22
2023-06-30,tt_post_214,Karen LeSac's favorite fall dress for girls.,6136,1426,956,713,104,7,5,47,61
2023-06-30,tt_post_215,Matching mom & daughter outfits from S'Belles.,5906,1850,1548,773,155,21,4,68,42
2023-06-30,tt_post_216,Suburban carpool ready styles.,6098,1736,1562,873,163,12,12,43,86
2023-07-01,tt_post_217,Karen LeSac's favorite fall dress for girls.,5913,1265,944,420,89,6,3,48,50
2023-07-02,tt_post_218,Karen LeSac's favorite fall dress for girls.,6068,1926,1513,957,105,11,8,47,46
2023-07-03,tt_post_219,Suburban carpool ready styles.,5993,1919,1333,1052,113,9,9,23,31
2023-07-03,tt_post_220,Matching mom & daughter outfits from S'Belles.,6021,1131,630,451,32,3,3,28,8
2023-07-04,tt_post_221,Matching mom & daughter outfits from S'Belles.,5620,1635,1284,667,85,12,3,21,44
2023-07-05,tt_post_222,Matching mom & daughter outfits from S'Belles.,6040,1545,1037,548,104,5,9,31,48
2023-07-05,tt_post_223,Suburban carpool ready styles.,5888,1054,699,448,48,5,3,12,25
2023-07-05,tt_post_224,Holiday sparkle from S'Belles.,6165,1156,866,549,103,6,5,31,61
2023-07-06,tt_post_225,Matching mom & daughter outfits from S'Belles.,5834,1893,1227,635,130,12,4,38,70
2023-07-07,tt_post_226,Holiday sparkle from S'Belles.,6040,1528,771,478,89,4,3,40,21
2023-07-07,tt_post_227,Holiday sparkle from S'Belles.,5941,1091,551,359,69,7,3,28,34
2023-07-08,tt_post_228,Matching mom & daughter outfits from S'Belles.,6096,2016,1370,659,179,9,17,57,53
2023-07-10,tt_post_229,Matching mom & daughter outfits from S'Belles.,5741,1591,1150,547,79,6,4,58,17
2023-07-12,tt_post_230,Holiday sparkle from S'Belles.,5966,1472,762,379,106,13,4,44,35
2023-07-12,tt_post_231,Holiday sparkle from S'Belles.,6016,1064,839,401,114,10,9,40,31
2023-07-13,tt_post_232,Suburban carpool ready styles.,5826,1238,763,579,97,5,4,40,34
2023-07-15,tt_post_233,Karen LeSac's favorite fall dress for girls.,5901,2690,2013,1535,207,13,10,100,58
2023-07-16,tt_post_234,Matching mom & daughter outfits from S'Belles.,5959,2430,2162,1410,301,39,20,68,112
2023-07-17,tt_post_235,Back-to-school looks for your mini.,5796,2117,1788,860,194,12,9,30,50
2023-07-17,tt_post_236,Suburban carpool ready styles.,5836,2849,2076,1247,213,12,14,97,91
2023-07-17,tt_post_237,Matching mom & daughter outfits from S'Belles.,6220,1716,889,413,128,15,4,19,65
2023-07-18,tt_post_238,Back-to-school looks for your mini.,6159,2764,2085,1003,216,11,11,77,55
2023-07-19,tt_post_239,Suburban carpool ready styles.,5700,2240,1526,852,109,6,10,47,37
2023-07-21,tt_post_240,Suburban carpool ready styles.,5794,2978,1625,962,203,21,15,54,97
2023-07-22,tt_post_241,Holiday sparkle from S'Belles.,6216,3191,2089,1123,244,27,16,54,55
2023-07-23,tt_post_242,Karen LeSac's favorite fall dress for girls.,5811,2961,2031,1078,136,11,11,63,40
2023-07-24,tt_post_243,Matching mom & daughter outfits from S'Belles.,6006,2907,1691,947,165,21,6,58,46
2023-07-24,tt_post_244,Suburban carpool ready styles.,6302,2855,2298,1737,315,20,29,32,91
2023-07-26,tt_post_245,Back-to-school looks for your mini.,5953,2048,1107,583,119,8,5,24,60
2023-07-26,tt_post_246,Back-to-school looks for your mini.,5764,2590,1925,982,129,15,11,66,26
2023-07-27,tt_post_247,Karen LeSac's favorite fall dress for girls.,5974,2970,1958,1126,167,20,7,59,97
2023-07-27,tt_post_248,Karen LeSac's favorite fall dress for girls.,6330,2435,1341,574,181,18,9,92,50
2023-07-28,tt_post_249,Matching mom & daughter outfits from S'Belles.,5975,1932,1716,693,191,16,16,35,48
2023-07-28,tt_post_250,Matching mom & daughter outfits from S'Belles.,5970,1777,1244,857,176,14,15,26,103
2023-07-29,tt_post_251,Suburban carpool ready styles.,5965,2847,1638,1260,201,22,17,38,94
2023-07-30,tt_post_252,Back-to-school looks for your mini.,6167,3720,3060,2266,191,25,14,50,55
2023-07-31,tt_post_253,Back-to-school looks for your mini.,6102,2975,2477,1166,128,15,9,41,55
2023-07-31,tt_post_254,Karen LeSac's favorite fall dress for girls.,6350,2316,1474,683,154,19,14,84,43
2023-08-01,tt_post_255,Back-to-school looks for your mini.,5919,2775,1541,728,208,28,19,93,119
2023-08-02,tt_post_256,Back-to-school looks for your mini.,5778,1770,1592,1235,207,29,10,42,95
2023-08-02,tt_post_257,Matching mom & daughter outfits from S'Belles.,6099,2155,1639,1243,233,13,18,46,71
2023-08-03,tt_post_258,Karen LeSac's favorite fall dress for girls.,6001,2960,2207,1443,116,11,6,87,24
2023-08-03,tt_post_259,Holiday sparkle from S'Belles.,6136,3019,2639,1886,271,28,22,89,107
2023-08-07,tt_post_260,Holiday sparkle from S'Belles.,5887,2383,1780,1000,142,20,4,74,82
2023-08-07,tt_post_261,Holiday sparkle from S'Belles.,6353,1997,1198,509,69,7,2,77,38
2023-08-07,tt_post_262,Holiday sparkle from S'Belles.,5875,2263,1598,717,105,14,4,36,47
2023-08-08,tt_post_263,Back-to-school looks for your mini.,6101,2214,1640,691,182,18,10,84,59
2023-08-09,tt_post_264,Karen LeSac's favorite fall dress for girls.,5875,1726,1451,1139,155,17,10,61,79
2023-08-10,tt_post_265,Suburban carpool ready styles.,5851,2029,1110,445,64,7,4,46,23
2023-08-12,tt_post_266,Back-to-school looks for your mini.,5854,2249,1504,803,103,14,7,89,42
2023-08-12,tt_post_267,Holiday sparkle from S'Belles.,5955,3543,2909,1881,244,25,22,58,126
2023-08-12,tt_post_268,Back-to-school looks for your mini.,5983,3472,2989,1843,401,49,39,52,153
2023-08-13,tt_post_269,Holiday sparkle from S'Belles.,6364,3131,2175,1325,174,20,11,35,97
2023-08-14,tt_post_270,Matching mom & daughter outfits from S'Belles.,6359,2246,1290,665,72,6,5,80,21
2023-08-15,tt_post_271,Karen LeSac's favorite fall dress for girls.,5980,2326,1829,910,185,17,11,66,110
2023-08-16,tt_post_272,Suburban carpool ready styles.,5946,3047,2221,904,151,21,5,97,60
2023-08-17,tt_post_273,Karen LeSac's favorite fall dress for girls.,5883,2208,1420,975,169,15,7,51,51
2023-08-20,tt_post_274,Matching mom & daughter outfits from S'Belles.,6447,2692,2403,1391,173,21,5,75,37
2023-08-22,tt_post_275,Matching mom & daughter outfits from S'Belles.,6355,2420,2141,892,152,8,5,92,70
2023-08-23,tt_post_276,Karen LeSac's favorite fall dress for girls.,6022,3067,1981,1043,268,28,18,84,130
2023-08-25,tt_post_277,Matching mom & daughter outfits from S'Belles.,6435,2721,1560,910,231,33,22,53,111
2023-08-26,tt_post_278,Holiday sparkle from S'Belles.,6049,2577,1354,989,186,20,11,42,54
2023-08-27,tt_post_279,Matching mom & daughter outfits from S'Belles.,5921,3674,2884,1865,276,33,9,111,139
2023-08-28,tt_post_280,Holiday sparkle from S'Belles.,6017,2317,1744,1214,194,10,7,48,108
2023-08-29,tt_post_281,Suburban carpool ready styles.,5922,2742,2192,908,304,39,30,33,166
2023-08-30,tt_post_282,Suburban carpool ready styles.,5954,2385,1486,807,147,10,12,32,32
2023-09-01,tt_post_283,Matching mom & daughter outfits from S'Belles.,6447,1934,1312,796,173,25,8,54,55
2023-09-02,tt_post_284,Matching mom & daughter outfits from S'Belles.,6284,3706,1958,1427,140,10,9,73,48
2023-09-02,tt_post_285,Back-to-school looks for your mini.,6178,2501,1705,1090,121,9,4,89,35
2023-09-04,tt_post_286,Back-to-school looks for your mini.,6118,2221,1962,1172,247,17,8,59,109
2023-09-05,tt_post_287,Karen LeSac's favorite fall dress for girls.,6026,1791,1273,836,166,24,11,60,86
2023-09-05,tt_post_288,Karen LeSac's favorite fall dress for girls.,6406,1812,1148,582,71,10,5,19,36
2023-09-05,tt_post_289,Karen LeSac's favorite fall dress for girls.,6375,1823,1275,905,183,24,12,31,49
2023-09-06,tt_post_290,Holiday sparkle from S'Belles.,6021,2796,1459,659,83,6,5,47,26
2023-09-07,tt_post_291,Matching mom & daughter outfits from S'Belles.,6014,2473,1596,1245,238,19,19,36,124
2023-09-07,tt_post_292,Back-to-school looks for your mini.,6028,2956,1915,1027,213,15,20,92,46
2023-09-08,tt_post_293,Karen LeSac's favorite fall dress for girls.,6245,2627,1643,1239,222,13,10,30,98
2023-09-09,tt_post_294,Suburban carpool ready styles.,6538,3457,2986,2380,370,38,35,64,158
2023-09-10,tt_post_295,Back-to-school looks for your mini.,6033,3634,2940,2007,166,15,11,97,37
2023-09-10,tt_post_296,Suburban carpool ready styles.,6089,3563,3008,2205,171,18,9,60,101
2023-09-11,tt_post_297,Karen LeSac's favorite fall dress for girls.,6346,3040,1687,1005,91,5,4,72,43
2023-09-12,tt_post_298,Karen LeSac's favorite fall dress for girls.,6195,2070,1638,670,158,20,6,82,54
2023-09-13,tt_post_299,Karen LeSac's favorite fall dress for girls.,6506,1879,1199,545,94,11,8,51,22
2023-09-15,tt_post_300,Suburban carpool ready styles.,6056,2967,1751,1067,249,24,18,79,54
2023-09-16,tt_post_301,Back-to-school looks for your mini.,6011,1568,862,432,51,3,1,17,22
2023-09-16,tt_post_302,Matching mom & daughter outfits from S'Belles.,6511,1495,1116,731,66,3,2,16,37
2023-09-18,tt_post_303,Holiday sparkle from S'Belles.,6021,1382,1217,791,108,11,7,44,60
2023-09-19,tt_post_304,Karen LeSac's favorite fall dress for girls.,6230,1671,1346,639,104,5,9,56,38
2023-09-19,tt_post_305,Matching mom & daughter outfits from S'Belles.,6236,1285,1033,527,91,7,7,24,46
2023-09-19,tt_post_306,Karen LeSac's favorite fall dress for girls.,6096,1168,962,567,97,5,6,14,49
2023-09-20,tt_post_307,Matching mom & daughter outfits from S'Belles.,6502,1905,1218,906,168,19,16,25,83
2023-09-23,tt_post_308,Back-to-school looks for your mini.,6120,1767,1112,490,63,4,4,60,22
2023-09-24,tt_post_309,Holiday sparkle from S'Belles.,6203,1365,951,450,114,7,11,34,36
2023-09-24,tt_post_310,Suburban carpool ready styles.,6432,1760,1478,1126,121,14,5,52,60
2023-09-25,tt_post_311,Back-to-school looks for your mini.,6512,1242,683,442,81,9,7,21,17
2023-09-26,tt_post_312,Karen LeSac's favorite fall dress for girls.,6613,1442,1273,913,154,7,12,18,61
2023-09-28,tt_post_313,Holiday sparkle from S'Belles.,6179,1893,1642,1169,118,13,8,38,60
2023-09-28,tt_post_314,Suburban carpool ready styles.,6350,1915,1442,711,159,7,7,74,52
2023-09-28,tt_post_315,Holiday sparkle from S'Belles.,6425,1521,871,597,102,11,8,53,49
2023-09-29,tt_post_316,Holiday sparkle from S'Belles.,6108,1297,711,543,50,6,4,15,10
2023-09-30,tt_post_317,Suburban carpool ready styles.,6647,2289,1788,963,117,9,7,33,45
2023-10-02,tt_post_318,Karen LeSac's favorite fall dress for girls.,6246,1219,878,419,70,5,3,48,16
2023-10-03,tt_post_319,Matching mom & daughter outfits from S'Belles.,6570,1132,975,752,58,5,2,35,18
2023-10-04,tt_post_320,Back-to-school looks for your mini.,6413,1723,1096,660,70,3,6,19,25
2023-10-05,tt_post_321,Back-to-school looks for your mini.,6154,1585,1239,660,113,13,7,33,41
2023-10-05,tt_post_322,Karen LeSac's favorite fall dress for girls.,6642,1503,946,591,65,3,6,45,35
2023-10-05,tt_post_323,Karen LeSac's favorite fall dress for girls.,6219,1501,1053,753,76,8,3,38,28
2023-10-06,tt_post_324,Suburban carpool ready styles.,6549,1101,934,598,105,15,9,43,29
2023-10-06,tt_post_325,Back-to-school looks for your mini.,6347,1807,1058,600,101,5,9,42,25
2023-10-06,tt_post_326,Suburban carpool ready styles.,6150,1392,963,493,83,10,8,28,25
2023-10-08,tt_post_327,Holiday sparkle from S'Belles.,6265,1427,734,544,80,9,5,17,20
2023-10-09,tt_post_328,Matching mom & daughter outfits from S'Belles.,6250,1887,1245,877,122,12,11,73,61
2023-10-10,tt_post_329,Back-to-school looks for your mini.,6418,1434,896,670,98,5,7,18,51
2023-10-11,tt_post_330,Suburban carpool ready styles.,6321,1350,897,524,92,12,6,44,19
2023-10-11,tt_post_331,Back-to-school looks for your mini.,6435,1363,885,393,46,3,2,49,23
2023-10-12,tt_post_332,Holiday sparkle from S'Belles.,6712,1619,1067,848,75,5,5,62,27
2023-10-12,tt_post_333,Matching mom & daughter outfits from S'Belles.,6550,1870,1330,540,119,11,4,65,41
2023-10-12,tt_post_334,Back-to-school looks for your mini.,6179,1362,1089,465,116,10,4,37,31
2023-10-13,tt_post_335,Back-to-school looks for your mini.,6189,1896,1320,794,184,9,16,63,79
2023-10-14,tt_post_336,Back-to-school looks for your mini.,6271,1321,1121,685,70,7,6,39,16
2023-10-15,tt_post_337,Suburban carpool ready styles.,6366,1659,1083,719,112,9,7,52,38
2023-10-16,tt_post_338,Back-to-school looks for your mini.,6505,1812,1243,908,144,20,12,61,77
2023-10-17,tt_post_339,Holiday sparkle from S'Belles.,6355,1506,1243,806,102,8,4,46,54
2023-10-18,tt_post_340,Karen LeSac's favorite fall dress for girls.,6451,1404,1043,813,155,18,7,53,37
2023-10-18,tt_post_341,Suburban carpool ready styles.,6658,1418,1122,494,88,4,6,44,24
2023-10-19,tt_post_342,Karen LeSac's favorite fall dress for girls.,6471,1873,1056,772,93,9,5,68,35
2023-10-19,tt_post_343,Back-to-school looks for your mini.,6379,1704,1091,662,105,10,6,55,47
2023-10-20,tt_post_344,Karen LeSac's favorite fall dress for girls.,6596,1741,969,450,86,10,5,67,41
2023-10-21,tt_post_345,Holiday sparkle from S'Belles.,6270,1594,1354,890,164,13,8,35,50
2023-10-21,tt_post_346,Matching mom & daughter outfits from S'Belles.,6366,1523,1273,714,158,12,11,18,51
2023-10-21,tt_post_347,Matching mom & daughter outfits from S'Belles.,6541,1290,955,593,120,8,8,48,38
2023-10-22,tt_post_348,Back-to-school looks for your mini.,6386,1626,1187,917,150,10,7,56,62
2023-10-23,tt_post_349,Back-to-school looks for your mini.,6430,1331,1089,481,146,18,9,37,68
2023-10-24,tt_post_350,Matching mom & daughter outfits from S'Belles.,6234,1942,1690,844,175,8,16,54,56
2023-10-24,tt_post_351,Karen LeSac's favorite fall dress for girls.,6310,1716,1464,908,181,15,15,66,51
2023-10-25,tt_post_352,Karen LeSac's favorite fall dress for girls.,6330,1362,1141,546,165,21,10,29,56
2023-10-26,tt_post_353,Back-to-school looks for your mini.,6192,1531,1123,886,156,19,13,51,53
2023-10-28,tt_post_354,Karen LeSac's favorite fall dress for girls.,6236,1938,1723,936,166,19,14,63,99
2023-10-30,tt_post_355,Holiday sparkle from S'Belles.,6634,1910,1386,703,110,15,5,29,64
2023-10-31,tt_post_356,Matching mom & daughter outfits from S'Belles.,6737,1405,797,468,104,15,8,37,46
2023-10-31,tt_post_357,Holiday sparkle from S'Belles.,6346,1101,669,323,97,12,9,24,40
2023-10-31,tt_post_358,Matching mom & daughter outfits from S'Belles.,6546,1399,951,666,113,6,8,24,29
2023-11-01,tt_post_359,Back-to-school looks for your mini.,6699,1217,863,511,67,8,4,23,29
2023-11-02,tt_post_360,Back-to-school looks for your mini.,6726,1298,749,450,58,3,1,18,15
2023-11-02,tt_post_361,Matching mom & daughter outfits from S'Belles.,6294,1885,1676,798,212,20,7,39,97
2023-11-03,tt_post_362,Matching mom & daughter outfits from S'Belles.,6703,1901,1092,664,122,9,8,38,45
2023-11-04,tt_post_363,Suburban carpool ready styles.,6789,1843,1462,939,115,7,10,60,28
2023-11-04,tt_post_364,Suburban carpool ready styles.,6486,1756,1453,977,202,11,7,34,86
2023-11-05,tt_post_365,Holiday sparkle from S'Belles.,6653,1671,964,596,84,6,3,48,39
2023-11-05,tt_post_366,Matching mom & daughter outfits from S'Belles.,6788,1588,925,675,58,6,3,27,15
2023-11-06,tt_post_367,Karen LeSac's favorite fall dress for girls.,6628,1505,1134,712,169,10,8,20,57
2023-11-07,tt_post_368,Suburban carpool ready styles.,6739,1938,1003,525,54,4,2,37,26
2023-11-09,tt_post_369,Back-to-school looks for your mini.,6662,1208,1084,514,161,13,12,22,68
2023-11-09,tt_post_370,Matching mom & daughter outfits from S'Belles.,6578,1836,1226,520,115,10,7,72,46
2023-11-10,tt_post_371,Karen LeSac's favorite fall dress for girls.,6278,1091,874,380,65,5,5,11,16
2023-11-11,tt_post_372,Holiday sparkle from S'Belles.,6734,1575,997,469,111,5,6,45,25
2023-11-12,tt_post_373,Matching mom & daughter outfits from S'Belles.,6310,1645,1429,832,91,8,5,62,21
2023-11-12,tt_post_374,Suburban carpool ready styles.,6378,1274,887,611,132,8,5,35,71
2023-11-13,tt_post_375,Back-to-school looks for your mini.,6843,1187,845,502,47,5,2,43,21
2023-11-13,tt_post_376,Karen LeSac's favorite fall dress for girls.,6314,1194,712,457,43,4,1,25,12
2023-11-13,tt_post_377,Karen LeSac's favorite fall dress for girls.,6424,1733,1020,656,84,8,3,51,16
2023-11-14,tt_post_378,Suburban carpool ready styles.,6855,1420,915,372,121,11,6,55,45
2023-11-15,tt_post_379,Suburban carpool ready styles.,6762,2965,1990,1033,193,16,16,82,81
2023-11-15,tt_post_380,Matching mom & daughter outfits from S'Belles.,6319,3070,2212,1002,294,22,23,79,108
2023-11-16,tt_post_381,Suburban carpool ready styles.,6803,3490,2932,1302,299,33,25,116,133
2023-11-16,tt_post_382,Karen LeSac's favorite fall dress for girls.,6395,2466,1695,1006,140,14,6,60,67
2023-11-16,tt_post_383,Matching mom & daughter outfits from S'Belles.,6709,3346,2702,1653,206,14,12,48,116
2023-11-17,tt_post_384,Matching mom & daughter outfits from S'Belles.,6548,2225,1378,959,129,8,8,32,75
2023-11-18,tt_post_385,Holiday sparkle from S'Belles.,6550,4546,4005,2365,280,41,11,108,97
2023-11-19,tt_post_386,Matching mom & daughter outfits from S'Belles.,6675,2803,2339,1131,163,22,9,69,72
2023-11-20,tt_post_387,Suburban carpool ready styles.,6728,2139,1753,1367,226,23,17,38,112
2023-11-20,tt_post_388,Karen LeSac's favorite fall dress for girls.,6784,2847,1631,1207,179,9,11,49,79
2023-11-20,tt_post_389,Karen LeSac's favorite fall dress for girls.,6751,2383,1719,1028,171,25,5,38,70
2023-11-21,tt_post_390,Holiday sparkle from S'Belles.,6818,2660,2328,1246,199,13,15,80,70
2023-11-21,tt_post_391,Suburban carpool ready styles.,6598,3102,2116,1293,205,21,6,88,90
2023-11-22,tt_post_392,Karen LeSac's favorite fall dress for girls.,6765,2332,1538,1002,143,15,7,37,61
2023-11-22,tt_post_393,Suburban carpool ready styles.,6778,2871,2412,1180,194,21,7,60,59
2023-11-22,tt_post_394,Suburban carpool ready styles.,6781,2906,2126,1452,260,37,8,29,136
2023-11-23,tt_post_395,Back-to-school looks for your mini.,6724,3137,2664,2099,254,19,13,122,121
2023-11-25,tt_post_396,Matching mom & daughter outfits from S'Belles.,6738,3457,1989,1257,243,17,7,91,98
2023-11-27,tt_post_397,Suburban carpool ready styles.,6526,2498,1933,1155,113,9,8,76,51
2023-11-27,tt_post_398,Back-to-school looks for your mini.,6887,3019,2401,1852,206,20,20,97,93
2023-11-28,tt_post_399,Karen LeSac's favorite fall dress for girls.,6366,2581,1434,831,141,20,11,41,64
2023-11-29,tt_post_400,Back-to-school looks for your mini.,6896,2357,1704,737,92,13,6,81,24
2023-12-01,tt_post_401,Holiday sparkle from S'Belles.,6599,2724,1824,867,226,24,20,62,105
2023-12-02,tt_post_402,Karen LeSac's favorite fall dress for girls.,6710,3502,2690,1336,143,10,12,113,43
2023-12-04,tt_post_403,Matching mom & daughter outfits from S'Belles.,6644,3192,2588,1945,266,39,16,44,105
2023-12-05,tt_post_404,Karen LeSac's favorite fall dress for girls.,6804,2927,1754,990,200,22,16,82,113
2023-12-05,tt_post_405,Back-to-school looks for your mini.,6764,3568,2679,1434,364,35,34,73,150
2023-12-06,tt_post_406,Back-to-school looks for your mini.,6918,1720,881,476,58,3,1,44,17
2023-12-07,tt_post_407,Karen LeSac's favorite fall dress for girls.,6963,1132,876,483,128,19,9,31,54
2023-12-08,tt_post_408,Matching mom & daughter outfits from S'Belles.,6660,1091,788,444,48,2,1,21,17
2023-12-08,tt_post_409,Matching mom & daughter outfits from S'Belles.,6561,1680,1299,932,97,10,3,25,52
2023-12-08,tt_post_410,Karen LeSac's favorite fall dress for girls.,6776,1712,860,421,48,3,2,63,18
2023-12-10,tt_post_411,Holiday sparkle from S'Belles.,6811,1564,1061,533,125,16,7,56,29
2023-12-11,tt_post_412,Matching mom & daughter outfits from S'Belles.,6904,1737,1171,681,88,10,7,55,26
2023-12-12,tt_post_413,Matching mom & daughter outfits from S'Belles.,6687,1507,940,568,100,13,7,35,55
2023-12-12,tt_post_414,Back-to-school looks for your mini.,6993,1080,612,424,62,6,1,14,22
2023-12-13,tt_post_415,Back-to-school looks for your mini.,6706,1650,1278,662,179,22,6,35,49
2023-12-14,tt_post_416,Holiday sparkle from S'Belles.,6574,1897,1619,906,211,16,14,39,92
2023-12-15,tt_post_417,Suburban carpool ready styles.,6831,1603,934,439,108,16,6,25,47
2023-12-18,tt_post_418,Suburban carpool ready styles.,7012,1622,1232,883,86,5,7,27,19
2023-12-19,tt_post_419,Suburban carpool ready styles.,6887,1442,743,497,40,5,1,53,13
2023-12-20,tt_post_420,Suburban carpool ready styles.,7048,1307,677,389,70,3,3,20,21
2023-12-21,tt_post_421,Karen LeSac's favorite fall dress for girls.,6713,1081,830,471,106,11,10,17,43
2023-12-22,tt_post_422,Back-to-school looks for your mini.,6654,1242,972,690,92,8,7,25,24
2023-12-22,tt_post_423,Suburban carpool ready styles.,6559,1422,852,558,84,10,6,50,45
2023-12-23,tt_post_424,Holiday sparkle from S'Belles.,6620,1936,1179,642,89,6,8,44,19
2023-12-24,tt_post_425,Holiday sparkle from S'Belles.,6694,2304,1164,676,124,8,5,83,69
2023-12-24,tt_post_426,Matching mom & daughter outfits from S'Belles.,6522,1670,914,376,67,6,4,42,27
2023-12-25,tt_post_427,Matching mom & daughter outfits from S'Belles.,6901,1508,1221,637,67,9,5,51,25
2023-12-27,tt_post_428,Matching mom & daughter outfits from S'Belles.,6760,1556,1378,877,88,10,3,61,27
2023-12-28,tt_post_429,Matching mom & daughter outfits from S'Belles.,6988,1152,940,657,131,11,12,37,40
2023-12-28,tt_post_430,Holiday sparkle from S'Belles.,6678,1428,940,566,108,9,7,42,36
2023-12-28,tt_post_431,Karen LeSac's favorite fall dress for girls.,6901,1473,738,465,42,5,3,55,12
2023-12-29,tt_post_432,Suburban carpool ready styles.,7025,1821,1517,847,198,10,10,72,54
2023-12-30,tt_post_433,Matching mom & daughter outfits from S'Belles.,6864,1699,1282,717,158,10,10,35,77
2023-12-30,tt_post_434,Holiday sparkle from S'Belles.,6634,1692,1012,670,84,12,4,31,28
2023-12-30,tt_post_435,Back-to-school looks for your mini.,7066,1359,887,663,53,3,3,16,12
2023-12-31,tt_post_436,Back-to-school looks for your mini.,6528,1788,1092,666,159,21,8,44,68
2023-12-31,tt_post_437,Karen LeSac's favorite fall dress for girls.,6727,1736,1540,1018,102,11,3,51,45
